timestamp,msname,msinstanceid,nodeid,cpu_utilization,memory_utilization
1742450203520,MS_kube-system,MS_kube-system_POD_storage-provisioner,NODE_minikube,0.0015132317265134647,0.0
1742450203520,MS_kube-system,MS_kube-system_POD_kube-proxy-mlgr2,NODE_minikube,0.0004073482842274874,0.0
1742450203520,MS_monitoring,MS_monitoring_POD_prometheus-k8s-1,NODE_minikube,0.016467341987814466,7.68390625
1742450203520,MS_monitoring,MS_monitoring_POD_blackbox-exporter-6977dfb8df-5ndz6,NODE_minikube,0.00037762180781125666,0.5292317708333333
1742450203520,MS_monitoring,MS_monitoring_POD_prometheus-operator-66944d6fd-f2nl9,NODE_minikube,0.0006778940350747242,0.4395670572916667
1742450203520,MS_monitoring,MS_monitoring_POD_prometheus-k8s-0,NODE_minikube,0.017997248097187144,7.8790625
1742450203520,MS_kube-system,MS_kube-system_POD_kube-controller-manager-minikube,NODE_minikube,0.014283742291523908,0.0
1742450203520,MS_monitoring,MS_monitoring_POD_node-exporter-chll4,NODE_minikube,0.0031351802811162874,0.22258522727272728
1742450203520,MS_monitoring,MS_monitoring_POD_prometheus-adapter-85cff7b5f8-ws4zt,NODE_minikube,0.0036435489546103135,0.25703125
1742450203520,MS_kube-system,MS_kube-system_POD_metrics-server-5d4f46f645-b75pd,NODE_minikube,0.0028206151965776945,0.0
1742450203520,MS_monitoring,MS_monitoring_POD_kube-state-metrics-6788d64b49-p4bj9,NODE_minikube,0.001262578936646968,0.3307410037878788
1742450203520,MS_monitoring,MS_monitoring_POD_alertmanager-main-1,NODE_minikube,0.0034741680401489112,0.28447916666666667
1742450203520,MS_monitoring,MS_monitoring_POD_alertmanager-main-2,NODE_minikube,0.003732013555806566,0.44341145833333334
1742450203520,MS_default,MS_default_POD_payment-service-5d9488d4c8-t9948,NODE_minikube,0.0026575788440526263,0.149139404296875
1742450203520,MS_monitoring,MS_monitoring_POD_alertmanager-main-0,NODE_minikube,0.0035429470916128352,0.311953125
1742450203520,MS_kube-system,MS_kube-system_POD_etcd-minikube,NODE_minikube,0.013964662308561353,0.0
1742450203520,MS_kube-system,MS_kube-system_POD_kube-scheduler-minikube,NODE_minikube,0.0023137243282283196,0.0
1742450203520,MS_monitoring,MS_monitoring_POD_prometheus-adapter-85cff7b5f8-9f7fp,NODE_minikube,0.00450824644900835,0.4981770833333333
1742450203520,MS_kube-system,MS_kube-system_POD_kube-apiserver-minikube,NODE_minikube,0.06149744254523245,0.0
1742450203520,MS_default,MS_default_POD_user-service-66f64c5d59-fdqh2,NODE_minikube,0.002689731291320205,0.1523590087890625
1742450203520,MS_monitoring,MS_monitoring_POD_grafana-7c8dfd4b7f-8sk5f,NODE_minikube,0.020997211059463936,0.84984375
1742450203520,MS_default,MS_default_POD_product-service-5f87bcbf49-svglh,NODE_minikube,0.002986707161243698,0.05205535888671875
1742450203520,MS_kube-system,MS_kube-system_POD_coredns-64897985d-tr2t9,NODE_minikube,0.002610674271745781,0.21178768382352942
1742450203520,MS_default,MS_default_POD_order-service-7f456f7d65-wlkdx,NODE_minikube,0.0029971925406026296,0.19134521484375
1742450203520,MS_monitoring,MS_monitoring_POD_container-observer-5ddd94f78f-h42cq,NODE_minikube,0.0003610400192596154,0.0
1742450215081,MS_kube-system,MS_kube-system_POD_storage-provisioner,NODE_minikube,0.0015132317265134647,0.0
1742450215081,MS_kube-system,MS_kube-system_POD_kube-proxy-mlgr2,NODE_minikube,0.0004073482842274874,0.0
1742450215081,MS_monitoring,MS_monitoring_POD_prometheus-k8s-1,NODE_minikube,0.016467341987814466,7.68390625
1742450215081,MS_monitoring,MS_monitoring_POD_blackbox-exporter-6977dfb8df-5ndz6,NODE_minikube,0.00037762180781125666,0.5292317708333333
1742450215081,MS_monitoring,MS_monitoring_POD_prometheus-operator-66944d6fd-f2nl9,NODE_minikube,0.0006778940350747242,0.4395670572916667
1742450215081,MS_monitoring,MS_monitoring_POD_prometheus-k8s-0,NODE_minikube,0.017997248097187144,7.8790625
1742450215081,MS_kube-system,MS_kube-system_POD_kube-controller-manager-minikube,NODE_minikube,0.014283742291523908,0.0
1742450215081,MS_monitoring,MS_monitoring_POD_node-exporter-chll4,NODE_minikube,0.0031351802811162874,0.22258522727272728
1742450215081,MS_monitoring,MS_monitoring_POD_prometheus-adapter-85cff7b5f8-ws4zt,NODE_minikube,0.0036435489546103135,0.25703125
1742450215081,MS_kube-system,MS_kube-system_POD_metrics-server-5d4f46f645-b75pd,NODE_minikube,0.0028206151965776945,0.0
1742450215081,MS_monitoring,MS_monitoring_POD_kube-state-metrics-6788d64b49-p4bj9,NODE_minikube,0.001262578936646968,0.3307410037878788
1742450215081,MS_monitoring,MS_monitoring_POD_alertmanager-main-1,NODE_minikube,0.0034741680401489112,0.28447916666666667
1742450215081,MS_monitoring,MS_monitoring_POD_alertmanager-main-2,NODE_minikube,0.003732013555806566,0.44341145833333334
1742450215081,MS_default,MS_default_POD_payment-service-5d9488d4c8-t9948,NODE_minikube,0.0026575788440526263,0.149139404296875
1742450215081,MS_monitoring,MS_monitoring_POD_alertmanager-main-0,NODE_minikube,0.0035429470916128352,0.311953125
1742450215081,MS_kube-system,MS_kube-system_POD_etcd-minikube,NODE_minikube,0.013964662308561353,0.0
1742450215081,MS_kube-system,MS_kube-system_POD_kube-scheduler-minikube,NODE_minikube,0.0023137243282283196,0.0
1742450215081,MS_monitoring,MS_monitoring_POD_prometheus-adapter-85cff7b5f8-9f7fp,NODE_minikube,0.00450824644900835,0.4981770833333333
1742450215081,MS_kube-system,MS_kube-system_POD_kube-apiserver-minikube,NODE_minikube,0.06149744254523245,0.0
1742450215081,MS_default,MS_default_POD_user-service-66f64c5d59-fdqh2,NODE_minikube,0.002689731291320205,0.1523590087890625
1742450215081,MS_monitoring,MS_monitoring_POD_grafana-7c8dfd4b7f-8sk5f,NODE_minikube,0.020997211059463936,0.84984375
1742450215081,MS_default,MS_default_POD_product-service-5f87bcbf49-svglh,NODE_minikube,0.002986707161243698,0.05205535888671875
1742450215081,MS_kube-system,MS_kube-system_POD_coredns-64897985d-tr2t9,NODE_minikube,0.002610674271745781,0.21178768382352942
1742450215081,MS_default,MS_default_POD_order-service-7f456f7d65-wlkdx,NODE_minikube,0.0029971925406026296,0.19134521484375
1742450215081,MS_monitoring,MS_monitoring_POD_container-observer-5ddd94f78f-h42cq,NODE_minikube,0.0003610400192596154,0.0
1742450225103,MS_kube-system,MS_kube-system_POD_storage-provisioner,NODE_minikube,0.0015752931503196258,0.0
1742450225103,MS_kube-system,MS_kube-system_POD_kube-proxy-mlgr2,NODE_minikube,0.0004072622760168563,0.0
1742450225103,MS_monitoring,MS_monitoring_POD_prometheus-k8s-1,NODE_minikube,0.01573544989222167,7.6909375
1742450225103,MS_monitoring,MS_monitoring_POD_blackbox-exporter-6977dfb8df-5ndz6,NODE_minikube,0.00039537329906147374,0.52919921875
1742450225103,MS_monitoring,MS_monitoring_POD_prometheus-operator-66944d6fd-f2nl9,NODE_minikube,0.0006498159245624123,0.4395670572916667
1742450225103,MS_monitoring,MS_monitoring_POD_prometheus-k8s-0,NODE_minikube,0.01846489973999808,7.98703125
1742450225103,MS_kube-system,MS_kube-system_POD_kube-controller-manager-minikube,NODE_minikube,0.014905165964192288,0.0
1742450225103,MS_monitoring,MS_monitoring_POD_node-exporter-chll4,NODE_minikube,0.003109056363380511,0.22125355113636364
1742450225103,MS_monitoring,MS_monitoring_POD_prometheus-adapter-85cff7b5f8-ws4zt,NODE_minikube,0.003904728923917974,0.26046006944444444
1742450225103,MS_kube-system,MS_kube-system_POD_metrics-server-5d4f46f645-b75pd,NODE_minikube,0.002902617797168844,0.0
1742450225103,MS_monitoring,MS_monitoring_POD_kube-state-metrics-6788d64b49-p4bj9,NODE_minikube,0.001299531848384068,0.33424479166666665
1742450225103,MS_monitoring,MS_monitoring_POD_alertmanager-main-1,NODE_minikube,0.003488955473744273,0.2922135416666667
1742450225103,MS_monitoring,MS_monitoring_POD_alertmanager-main-2,NODE_minikube,0.003823535729894387,0.43875
1742450225103,MS_default,MS_default_POD_payment-service-5d9488d4c8-t9948,NODE_minikube,0.002832554315217172,0.149139404296875
1742450225103,MS_monitoring,MS_monitoring_POD_alertmanager-main-0,NODE_minikube,0.0034617515685301374,0.312109375
1742450225103,MS_kube-system,MS_kube-system_POD_etcd-minikube,NODE_minikube,0.013987029533551956,0.0
1742450225103,MS_kube-system,MS_kube-system_POD_kube-scheduler-minikube,NODE_minikube,0.0022176127230571817,0.0
1742450225103,MS_monitoring,MS_monitoring_POD_prometheus-adapter-85cff7b5f8-9f7fp,NODE_minikube,0.0044301180008740814,0.5016927083333333
1742450225103,MS_kube-system,MS_kube-system_POD_kube-apiserver-minikube,NODE_minikube,0.0587554426329099,0.0
1742450225103,MS_default,MS_default_POD_user-service-66f64c5d59-fdqh2,NODE_minikube,0.002623056467084984,0.1523590087890625
1742450225103,MS_monitoring,MS_monitoring_POD_grafana-7c8dfd4b7f-8sk5f,NODE_minikube,0.020611348972955343,0.84982421875
1742450225103,MS_default,MS_default_POD_product-service-5f87bcbf49-svglh,NODE_minikube,0.0027373387951021757,0.05205535888671875
1742450225103,MS_kube-system,MS_kube-system_POD_coredns-64897985d-tr2t9,NODE_minikube,0.002594689590293237,0.21176470588235294
1742450225103,MS_default,MS_default_POD_order-service-7f456f7d65-wlkdx,NODE_minikube,0.0027818206060785666,0.19134521484375
1742450225103,MS_monitoring,MS_monitoring_POD_container-observer-5ddd94f78f-h42cq,NODE_minikube,0.0003759250068519043,0.0
1742450235133,MS_kube-system,MS_kube-system_POD_storage-provisioner,NODE_minikube,0.0015752931503196256,0.0
1742450235133,MS_kube-system,MS_kube-system_POD_kube-proxy-mlgr2,NODE_minikube,0.00040726227601685627,0.0
1742450235133,MS_monitoring,MS_monitoring_POD_prometheus-k8s-1,NODE_minikube,0.015735449892221667,7.6909375
1742450235133,MS_monitoring,MS_monitoring_POD_blackbox-exporter-6977dfb8df-5ndz6,NODE_minikube,0.00039537329906147363,0.52919921875
1742450235133,MS_monitoring,MS_monitoring_POD_prometheus-operator-66944d6fd-f2nl9,NODE_minikube,0.0006498159245624122,0.4395670572916667
1742450235133,MS_monitoring,MS_monitoring_POD_prometheus-k8s-0,NODE_minikube,0.018464899739998077,7.98703125
1742450235133,MS_kube-system,MS_kube-system_POD_kube-controller-manager-minikube,NODE_minikube,0.014905165964192285,0.0
1742450235133,MS_monitoring,MS_monitoring_POD_node-exporter-chll4,NODE_minikube,0.0031090563633805104,0.22125355113636364
1742450235133,MS_monitoring,MS_monitoring_POD_prometheus-adapter-85cff7b5f8-ws4zt,NODE_minikube,0.003904728923917973,0.26046006944444444
1742450235133,MS_kube-system,MS_kube-system_POD_metrics-server-5d4f46f645-b75pd,NODE_minikube,0.0029026177971688437,0.0
1742450235133,MS_monitoring,MS_monitoring_POD_kube-state-metrics-6788d64b49-p4bj9,NODE_minikube,0.0012995318483840675,0.33424479166666665
1742450235133,MS_monitoring,MS_monitoring_POD_alertmanager-main-1,NODE_minikube,0.0034889554737442723,0.2922135416666667
1742450235133,MS_monitoring,MS_monitoring_POD_alertmanager-main-2,NODE_minikube,0.0038235357298943857,0.43875
1742450235133,MS_default,MS_default_POD_payment-service-5d9488d4c8-t9948,NODE_minikube,0.002832554315217171,0.149139404296875
1742450235133,MS_monitoring,MS_monitoring_POD_alertmanager-main-0,NODE_minikube,0.0034617515685301365,0.312109375
1742450235133,MS_kube-system,MS_kube-system_POD_etcd-minikube,NODE_minikube,0.013987029533551952,0.0
1742450235133,MS_kube-system,MS_kube-system_POD_kube-scheduler-minikube,NODE_minikube,0.0022176127230571813,0.0
1742450235133,MS_monitoring,MS_monitoring_POD_prometheus-adapter-85cff7b5f8-9f7fp,NODE_minikube,0.00443011800087408,0.5016927083333333
1742450235133,MS_kube-system,MS_kube-system_POD_kube-apiserver-minikube,NODE_minikube,0.05875544263290989,0.0
1742450235133,MS_default,MS_default_POD_user-service-66f64c5d59-fdqh2,NODE_minikube,0.002623056467084983,0.1523590087890625
1742450235133,MS_monitoring,MS_monitoring_POD_grafana-7c8dfd4b7f-8sk5f,NODE_minikube,0.02061134897295534,0.84982421875
1742450235133,MS_default,MS_default_POD_product-service-5f87bcbf49-svglh,NODE_minikube,0.0027373387951021753,0.05205535888671875
1742450235133,MS_kube-system,MS_kube-system_POD_coredns-64897985d-tr2t9,NODE_minikube,0.0025946895902932364,0.21176470588235294
1742450235133,MS_default,MS_default_POD_order-service-7f456f7d65-wlkdx,NODE_minikube,0.002781820606078566,0.19134521484375
1742450235133,MS_monitoring,MS_monitoring_POD_container-observer-5ddd94f78f-h42cq,NODE_minikube,0.00037592500685190423,0.0
1742450245160,MS_kube-system,MS_kube-system_POD_storage-provisioner,NODE_minikube,0.0015752931503196258,0.0
1742450245160,MS_kube-system,MS_kube-system_POD_kube-proxy-mlgr2,NODE_minikube,0.0004072622760168563,0.0
1742450245160,MS_monitoring,MS_monitoring_POD_prometheus-k8s-1,NODE_minikube,0.01573544989222167,7.6909375
1742450245160,MS_monitoring,MS_monitoring_POD_blackbox-exporter-6977dfb8df-5ndz6,NODE_minikube,0.00039537329906147374,0.52919921875
1742450245160,MS_monitoring,MS_monitoring_POD_prometheus-operator-66944d6fd-f2nl9,NODE_minikube,0.0006498159245624123,0.4395670572916667
1742450245160,MS_monitoring,MS_monitoring_POD_prometheus-k8s-0,NODE_minikube,0.01846489973999808,7.98703125
1742450245160,MS_kube-system,MS_kube-system_POD_kube-controller-manager-minikube,NODE_minikube,0.014905165964192288,0.0
1742450245160,MS_monitoring,MS_monitoring_POD_node-exporter-chll4,NODE_minikube,0.003109056363380511,0.22125355113636364
1742450245160,MS_monitoring,MS_monitoring_POD_prometheus-adapter-85cff7b5f8-ws4zt,NODE_minikube,0.003904728923917974,0.26046006944444444
1742450245160,MS_kube-system,MS_kube-system_POD_metrics-server-5d4f46f645-b75pd,NODE_minikube,0.002902617797168844,0.0
1742450245160,MS_monitoring,MS_monitoring_POD_kube-state-metrics-6788d64b49-p4bj9,NODE_minikube,0.001299531848384068,0.33424479166666665
1742450245160,MS_monitoring,MS_monitoring_POD_alertmanager-main-1,NODE_minikube,0.003488955473744273,0.2922135416666667
1742450245160,MS_monitoring,MS_monitoring_POD_alertmanager-main-2,NODE_minikube,0.003823535729894387,0.43875
1742450245160,MS_default,MS_default_POD_payment-service-5d9488d4c8-t9948,NODE_minikube,0.002832554315217172,0.149139404296875
1742450245160,MS_monitoring,MS_monitoring_POD_alertmanager-main-0,NODE_minikube,0.0034617515685301374,0.312109375
1742450245160,MS_kube-system,MS_kube-system_POD_etcd-minikube,NODE_minikube,0.013987029533551956,0.0
1742450245160,MS_kube-system,MS_kube-system_POD_kube-scheduler-minikube,NODE_minikube,0.0022176127230571817,0.0
1742450245160,MS_monitoring,MS_monitoring_POD_prometheus-adapter-85cff7b5f8-9f7fp,NODE_minikube,0.0044301180008740814,0.5016927083333333
1742450245160,MS_kube-system,MS_kube-system_POD_kube-apiserver-minikube,NODE_minikube,0.0587554426329099,0.0
1742450245160,MS_default,MS_default_POD_user-service-66f64c5d59-fdqh2,NODE_minikube,0.002623056467084984,0.1523590087890625
1742450245160,MS_monitoring,MS_monitoring_POD_grafana-7c8dfd4b7f-8sk5f,NODE_minikube,0.020611348972955343,0.84982421875
1742450245160,MS_default,MS_default_POD_product-service-5f87bcbf49-svglh,NODE_minikube,0.0027373387951021757,0.05205535888671875
1742450245160,MS_kube-system,MS_kube-system_POD_coredns-64897985d-tr2t9,NODE_minikube,0.002594689590293237,0.21176470588235294
1742450245160,MS_default,MS_default_POD_order-service-7f456f7d65-wlkdx,NODE_minikube,0.0027818206060785666,0.19134521484375
1742450245160,MS_monitoring,MS_monitoring_POD_container-observer-5ddd94f78f-h42cq,NODE_minikube,0.0003759250068519043,0.0
1742450255196,MS_kube-system,MS_kube-system_POD_storage-provisioner,NODE_minikube,0.0014730645155316508,0.0
1742450255196,MS_kube-system,MS_kube-system_POD_kube-proxy-mlgr2,NODE_minikube,0.000407815642396025,0.0
1742450255196,MS_monitoring,MS_monitoring_POD_prometheus-k8s-1,NODE_minikube,0.01678578650873893,7.708359375
1742450255196,MS_monitoring,MS_monitoring_POD_blackbox-exporter-6977dfb8df-5ndz6,NODE_minikube,0.00037853013181627846,0.5292317708333333
1742450255196,MS_monitoring,MS_monitoring_POD_prometheus-operator-66944d6fd-f2nl9,NODE_minikube,0.000730771082641663,0.4395670572916667
1742450255196,MS_monitoring,MS_monitoring_POD_prometheus-k8s-0,NODE_minikube,0.01864450345744588,7.988984375
1742450255196,MS_kube-system,MS_kube-system_POD_kube-controller-manager-minikube,NODE_minikube,0.014635821879502046,0.0
1742450255196,MS_monitoring,MS_monitoring_POD_node-exporter-chll4,NODE_minikube,0.0032060430301077553,0.2229580965909091
1742450255196,MS_monitoring,MS_monitoring_POD_prometheus-adapter-85cff7b5f8-ws4zt,NODE_minikube,0.003891213606077176,0.2605034722222222
1742450255196,MS_kube-system,MS_kube-system_POD_metrics-server-5d4f46f645-b75pd,NODE_minikube,0.0028068237795234856,0.0
1742450255196,MS_monitoring,MS_monitoring_POD_kube-state-metrics-6788d64b49-p4bj9,NODE_minikube,0.0013255591728796967,0.33689630681818183
1742450255196,MS_monitoring,MS_monitoring_POD_alertmanager-main-1,NODE_minikube,0.0033641447867939177,0.292734375
1742450255196,MS_monitoring,MS_monitoring_POD_alertmanager-main-2,NODE_minikube,0.003877706048585662,0.4366145833333333
1742450255196,MS_default,MS_default_POD_payment-service-5d9488d4c8-t9948,NODE_minikube,0.0025970918195387226,0.149139404296875
1742450255196,MS_monitoring,MS_monitoring_POD_alertmanager-main-0,NODE_minikube,0.003495279577180451,0.3120833333333333
1742450255196,MS_kube-system,MS_kube-system_POD_etcd-minikube,NODE_minikube,0.013433130738489767,0.0
1742450255196,MS_kube-system,MS_kube-system_POD_kube-scheduler-minikube,NODE_minikube,0.0021059493253628874,0.0
1742450255196,MS_monitoring,MS_monitoring_POD_prometheus-adapter-85cff7b5f8-9f7fp,NODE_minikube,0.004288451353163202,0.5052083333333334
1742450255196,MS_kube-system,MS_kube-system_POD_kube-apiserver-minikube,NODE_minikube,0.05801967429267842,0.0
1742450255196,MS_default,MS_default_POD_user-service-66f64c5d59-fdqh2,NODE_minikube,0.0027784160564746944,0.1523590087890625
1742450255196,MS_monitoring,MS_monitoring_POD_grafana-7c8dfd4b7f-8sk5f,NODE_minikube,0.02151736500775929,0.86443359375
1742450255196,MS_default,MS_default_POD_product-service-5f87bcbf49-svglh,NODE_minikube,0.0028296166253699026,0.05205535888671875
1742450255196,MS_kube-system,MS_kube-system_POD_coredns-64897985d-tr2t9,NODE_minikube,0.002658670281521642,0.2118106617647059
1742450255196,MS_default,MS_default_POD_order-service-7f456f7d65-wlkdx,NODE_minikube,0.0027363304036711862,0.19134521484375
1742450255196,MS_monitoring,MS_monitoring_POD_container-observer-5ddd94f78f-h42cq,NODE_minikube,0.00037728937728937867,0.0
1742450265224,MS_kube-system,MS_kube-system_POD_storage-provisioner,NODE_minikube,0.0014730645155316508,0.0
1742450265224,MS_kube-system,MS_kube-system_POD_kube-proxy-mlgr2,NODE_minikube,0.000407815642396025,0.0
1742450265224,MS_monitoring,MS_monitoring_POD_prometheus-k8s-1,NODE_minikube,0.01678578650873893,7.708359375
1742450265224,MS_monitoring,MS_monitoring_POD_blackbox-exporter-6977dfb8df-5ndz6,NODE_minikube,0.00037853013181627846,0.5292317708333333
1742450265224,MS_monitoring,MS_monitoring_POD_prometheus-operator-66944d6fd-f2nl9,NODE_minikube,0.000730771082641663,0.4395670572916667
1742450265224,MS_monitoring,MS_monitoring_POD_prometheus-k8s-0,NODE_minikube,0.01864450345744588,7.988984375
1742450265224,MS_kube-system,MS_kube-system_POD_kube-controller-manager-minikube,NODE_minikube,0.014635821879502046,0.0
1742450265224,MS_monitoring,MS_monitoring_POD_node-exporter-chll4,NODE_minikube,0.0032060430301077553,0.2229580965909091
1742450265224,MS_monitoring,MS_monitoring_POD_prometheus-adapter-85cff7b5f8-ws4zt,NODE_minikube,0.003891213606077176,0.2605034722222222
1742450265224,MS_kube-system,MS_kube-system_POD_metrics-server-5d4f46f645-b75pd,NODE_minikube,0.0028068237795234856,0.0
1742450265224,MS_monitoring,MS_monitoring_POD_kube-state-metrics-6788d64b49-p4bj9,NODE_minikube,0.0013255591728796967,0.33689630681818183
1742450265224,MS_monitoring,MS_monitoring_POD_alertmanager-main-1,NODE_minikube,0.0033641447867939177,0.292734375
1742450265224,MS_monitoring,MS_monitoring_POD_alertmanager-main-2,NODE_minikube,0.003877706048585662,0.4366145833333333
1742450265224,MS_default,MS_default_POD_payment-service-5d9488d4c8-t9948,NODE_minikube,0.0025970918195387226,0.149139404296875
1742450265224,MS_monitoring,MS_monitoring_POD_alertmanager-main-0,NODE_minikube,0.003495279577180451,0.3120833333333333
1742450265224,MS_kube-system,MS_kube-system_POD_etcd-minikube,NODE_minikube,0.013433130738489767,0.0
1742450265224,MS_kube-system,MS_kube-system_POD_kube-scheduler-minikube,NODE_minikube,0.0021059493253628874,0.0
1742450265224,MS_monitoring,MS_monitoring_POD_prometheus-adapter-85cff7b5f8-9f7fp,NODE_minikube,0.004288451353163202,0.5052083333333334
1742450265224,MS_kube-system,MS_kube-system_POD_kube-apiserver-minikube,NODE_minikube,0.05801967429267842,0.0
1742450265224,MS_default,MS_default_POD_user-service-66f64c5d59-fdqh2,NODE_minikube,0.0027784160564746944,0.1523590087890625
1742450265224,MS_monitoring,MS_monitoring_POD_grafana-7c8dfd4b7f-8sk5f,NODE_minikube,0.02151736500775929,0.86443359375
1742450265224,MS_default,MS_default_POD_product-service-5f87bcbf49-svglh,NODE_minikube,0.0028296166253699026,0.05205535888671875
1742450265224,MS_kube-system,MS_kube-system_POD_coredns-64897985d-tr2t9,NODE_minikube,0.002658670281521642,0.2118106617647059
1742450265224,MS_default,MS_default_POD_order-service-7f456f7d65-wlkdx,NODE_minikube,0.0027363304036711862,0.19134521484375
1742450265224,MS_monitoring,MS_monitoring_POD_container-observer-5ddd94f78f-h42cq,NODE_minikube,0.00037728937728937867,0.0
1742450275254,MS_kube-system,MS_kube-system_POD_storage-provisioner,NODE_minikube,0.0014730645155316513,0.0
1742450275254,MS_kube-system,MS_kube-system_POD_kube-proxy-mlgr2,NODE_minikube,0.0004078156423960251,0.0
1742450275254,MS_monitoring,MS_monitoring_POD_prometheus-k8s-1,NODE_minikube,0.016785786508738933,7.708359375
1742450275254,MS_monitoring,MS_monitoring_POD_blackbox-exporter-6977dfb8df-5ndz6,NODE_minikube,0.00037853013181627856,0.5292317708333333
1742450275254,MS_monitoring,MS_monitoring_POD_prometheus-operator-66944d6fd-f2nl9,NODE_minikube,0.0007307710826416631,0.4395670572916667
1742450275254,MS_monitoring,MS_monitoring_POD_prometheus-k8s-0,NODE_minikube,0.018644503457445883,7.988984375
1742450275254,MS_kube-system,MS_kube-system_POD_kube-controller-manager-minikube,NODE_minikube,0.01463582187950205,0.0
1742450275254,MS_monitoring,MS_monitoring_POD_node-exporter-chll4,NODE_minikube,0.003206043030107756,0.2229580965909091
1742450275254,MS_monitoring,MS_monitoring_POD_prometheus-adapter-85cff7b5f8-ws4zt,NODE_minikube,0.003891213606077177,0.2605034722222222
1742450275254,MS_kube-system,MS_kube-system_POD_metrics-server-5d4f46f645-b75pd,NODE_minikube,0.002806823779523486,0.0
1742450275254,MS_monitoring,MS_monitoring_POD_kube-state-metrics-6788d64b49-p4bj9,NODE_minikube,0.001325559172879697,0.33689630681818183
1742450275254,MS_monitoring,MS_monitoring_POD_alertmanager-main-1,NODE_minikube,0.003364144786793918,0.292734375
1742450275254,MS_monitoring,MS_monitoring_POD_alertmanager-main-2,NODE_minikube,0.0038777060485856627,0.4366145833333333
1742450275254,MS_default,MS_default_POD_payment-service-5d9488d4c8-t9948,NODE_minikube,0.0025970918195387235,0.149139404296875
1742450275254,MS_monitoring,MS_monitoring_POD_alertmanager-main-0,NODE_minikube,0.003495279577180452,0.3120833333333333
1742450275254,MS_kube-system,MS_kube-system_POD_etcd-minikube,NODE_minikube,0.01343313073848977,0.0
1742450275254,MS_kube-system,MS_kube-system_POD_kube-scheduler-minikube,NODE_minikube,0.002105949325362888,0.0
1742450275254,MS_monitoring,MS_monitoring_POD_prometheus-adapter-85cff7b5f8-9f7fp,NODE_minikube,0.004288451353163203,0.5052083333333334
1742450275254,MS_kube-system,MS_kube-system_POD_kube-apiserver-minikube,NODE_minikube,0.05801967429267844,0.0
1742450275254,MS_default,MS_default_POD_user-service-66f64c5d59-fdqh2,NODE_minikube,0.002778416056474695,0.1523590087890625
1742450275254,MS_monitoring,MS_monitoring_POD_grafana-7c8dfd4b7f-8sk5f,NODE_minikube,0.021517365007759293,0.86443359375
1742450275254,MS_default,MS_default_POD_product-service-5f87bcbf49-svglh,NODE_minikube,0.0028296166253699035,0.05205535888671875
1742450275254,MS_kube-system,MS_kube-system_POD_coredns-64897985d-tr2t9,NODE_minikube,0.0026586702815216425,0.2118106617647059
1742450275254,MS_default,MS_default_POD_order-service-7f456f7d65-wlkdx,NODE_minikube,0.002736330403671187,0.19134521484375
1742450275254,MS_monitoring,MS_monitoring_POD_container-observer-5ddd94f78f-h42cq,NODE_minikube,0.0003772893772893787,0.0
1742450285284,MS_kube-system,MS_kube-system_POD_storage-provisioner,NODE_minikube,0.0014158527687344576,0.0
1742450285284,MS_kube-system,MS_kube-system_POD_kube-proxy-mlgr2,NODE_minikube,0.0003888265425171379,0.0
1742450285284,MS_monitoring,MS_monitoring_POD_prometheus-k8s-1,NODE_minikube,0.015685140946010697,7.70765625
1742450285284,MS_monitoring,MS_monitoring_POD_blackbox-exporter-6977dfb8df-5ndz6,NODE_minikube,0.0003941117864272563,0.5292317708333333
1742450285284,MS_monitoring,MS_monitoring_POD_prometheus-operator-66944d6fd-f2nl9,NODE_minikube,0.0006746297181079846,0.4395670572916667
1742450285284,MS_monitoring,MS_monitoring_POD_prometheus-k8s-0,NODE_minikube,0.01847593862154017,7.99203125
1742450285284,MS_kube-system,MS_kube-system_POD_kube-controller-manager-minikube,NODE_minikube,0.01435584099082584,0.0
1742450285284,MS_monitoring,MS_monitoring_POD_node-exporter-chll4,NODE_minikube,0.003190124334714842,0.2239169034090909
1742450285284,MS_monitoring,MS_monitoring_POD_prometheus-adapter-85cff7b5f8-ws4zt,NODE_minikube,0.003983107219709813,0.2605251736111111
1742450285284,MS_kube-system,MS_kube-system_POD_metrics-server-5d4f46f645-b75pd,NODE_minikube,0.002714200528154027,0.0
1742450285284,MS_monitoring,MS_monitoring_POD_kube-state-metrics-6788d64b49-p4bj9,NODE_minikube,0.0012840290818046183,0.3369910037878788
1742450285284,MS_monitoring,MS_monitoring_POD_alertmanager-main-1,NODE_minikube,0.003411667537046712,0.28106770833333333
1742450285284,MS_monitoring,MS_monitoring_POD_alertmanager-main-2,NODE_minikube,0.0037921384311677404,0.4366145833333333
1742450285284,MS_default,MS_default_POD_payment-service-5d9488d4c8-t9948,NODE_minikube,0.002609643810857192,0.149139404296875
1742450285284,MS_monitoring,MS_monitoring_POD_alertmanager-main-0,NODE_minikube,0.0035938769690033513,0.29072916666666665
1742450285284,MS_kube-system,MS_kube-system_POD_etcd-minikube,NODE_minikube,0.013413300888528431,0.0
1742450285284,MS_kube-system,MS_kube-system_POD_kube-scheduler-minikube,NODE_minikube,0.0023608114164231364,0.0
1742450285284,MS_monitoring,MS_monitoring_POD_prometheus-adapter-85cff7b5f8-9f7fp,NODE_minikube,0.004484653533187447,0.5051649305555556
1742450285284,MS_kube-system,MS_kube-system_POD_kube-apiserver-minikube,NODE_minikube,0.05808100090001037,0.0
1742450285284,MS_default,MS_default_POD_user-service-66f64c5d59-fdqh2,NODE_minikube,0.0027608158609169794,0.1523590087890625
1742450285284,MS_monitoring,MS_monitoring_POD_grafana-7c8dfd4b7f-8sk5f,NODE_minikube,0.021225624729163728,0.84408203125
1742450285284,MS_default,MS_default_POD_product-service-5f87bcbf49-svglh,NODE_minikube,0.003001822242469326,0.05205535888671875
1742450285284,MS_kube-system,MS_kube-system_POD_coredns-64897985d-tr2t9,NODE_minikube,0.002678237165598153,0.21178768382352942
1742450285284,MS_default,MS_default_POD_order-service-7f456f7d65-wlkdx,NODE_minikube,0.002882602399285927,0.19134521484375
1742450285284,MS_monitoring,MS_monitoring_POD_container-observer-5ddd94f78f-h42cq,NODE_minikube,0.0003651410941603062,0.0
1742450295317,MS_kube-system,MS_kube-system_POD_storage-provisioner,NODE_minikube,0.0014158527687344576,0.0
1742450295317,MS_kube-system,MS_kube-system_POD_kube-proxy-mlgr2,NODE_minikube,0.0003888265425171379,0.0
1742450295317,MS_monitoring,MS_monitoring_POD_prometheus-k8s-1,NODE_minikube,0.015685140946010697,7.70765625
1742450295317,MS_monitoring,MS_monitoring_POD_blackbox-exporter-6977dfb8df-5ndz6,NODE_minikube,0.0003941117864272563,0.5292317708333333
1742450295317,MS_monitoring,MS_monitoring_POD_prometheus-operator-66944d6fd-f2nl9,NODE_minikube,0.0006746297181079846,0.4395670572916667
1742450295317,MS_monitoring,MS_monitoring_POD_prometheus-k8s-0,NODE_minikube,0.01847593862154017,7.99203125
1742450295317,MS_kube-system,MS_kube-system_POD_kube-controller-manager-minikube,NODE_minikube,0.01435584099082584,0.0
1742450295317,MS_monitoring,MS_monitoring_POD_node-exporter-chll4,NODE_minikube,0.003190124334714842,0.2239169034090909
1742450295317,MS_monitoring,MS_monitoring_POD_prometheus-adapter-85cff7b5f8-ws4zt,NODE_minikube,0.003983107219709813,0.2605251736111111
1742450295317,MS_kube-system,MS_kube-system_POD_metrics-server-5d4f46f645-b75pd,NODE_minikube,0.002714200528154027,0.0
1742450295317,MS_monitoring,MS_monitoring_POD_kube-state-metrics-6788d64b49-p4bj9,NODE_minikube,0.0012840290818046183,0.3369910037878788
1742450295317,MS_monitoring,MS_monitoring_POD_alertmanager-main-1,NODE_minikube,0.003411667537046712,0.28106770833333333
1742450295317,MS_monitoring,MS_monitoring_POD_alertmanager-main-2,NODE_minikube,0.0037921384311677404,0.4366145833333333
1742450295317,MS_default,MS_default_POD_payment-service-5d9488d4c8-t9948,NODE_minikube,0.002609643810857192,0.149139404296875
1742450295317,MS_monitoring,MS_monitoring_POD_alertmanager-main-0,NODE_minikube,0.0035938769690033513,0.29072916666666665
1742450295317,MS_kube-system,MS_kube-system_POD_etcd-minikube,NODE_minikube,0.013413300888528431,0.0
1742450295317,MS_kube-system,MS_kube-system_POD_kube-scheduler-minikube,NODE_minikube,0.0023608114164231364,0.0
1742450295317,MS_monitoring,MS_monitoring_POD_prometheus-adapter-85cff7b5f8-9f7fp,NODE_minikube,0.004484653533187447,0.5051649305555556
1742450295317,MS_kube-system,MS_kube-system_POD_kube-apiserver-minikube,NODE_minikube,0.05808100090001037,0.0
1742450295317,MS_default,MS_default_POD_user-service-66f64c5d59-fdqh2,NODE_minikube,0.0027608158609169794,0.1523590087890625
1742450295317,MS_monitoring,MS_monitoring_POD_grafana-7c8dfd4b7f-8sk5f,NODE_minikube,0.021225624729163728,0.84408203125
1742450295317,MS_default,MS_default_POD_product-service-5f87bcbf49-svglh,NODE_minikube,0.003001822242469326,0.05205535888671875
1742450295317,MS_kube-system,MS_kube-system_POD_coredns-64897985d-tr2t9,NODE_minikube,0.002678237165598153,0.21178768382352942
1742450295317,MS_default,MS_default_POD_order-service-7f456f7d65-wlkdx,NODE_minikube,0.002882602399285927,0.19134521484375
1742450295317,MS_monitoring,MS_monitoring_POD_container-observer-5ddd94f78f-h42cq,NODE_minikube,0.0003651410941603062,0.0
1742450305363,MS_kube-system,MS_kube-system_POD_storage-provisioner,NODE_minikube,0.0014158527687344576,0.0
1742450305363,MS_kube-system,MS_kube-system_POD_kube-proxy-mlgr2,NODE_minikube,0.0003888265425171379,0.0
1742450305363,MS_monitoring,MS_monitoring_POD_prometheus-k8s-1,NODE_minikube,0.015685140946010697,7.70765625
1742450305363,MS_monitoring,MS_monitoring_POD_blackbox-exporter-6977dfb8df-5ndz6,NODE_minikube,0.0003941117864272563,0.5292317708333333
1742450305363,MS_monitoring,MS_monitoring_POD_prometheus-operator-66944d6fd-f2nl9,NODE_minikube,0.0006746297181079846,0.4395670572916667
1742450305363,MS_monitoring,MS_monitoring_POD_prometheus-k8s-0,NODE_minikube,0.01847593862154017,7.99203125
1742450305363,MS_kube-system,MS_kube-system_POD_kube-controller-manager-minikube,NODE_minikube,0.01435584099082584,0.0
1742450305363,MS_monitoring,MS_monitoring_POD_node-exporter-chll4,NODE_minikube,0.003190124334714842,0.2239169034090909
1742450305363,MS_monitoring,MS_monitoring_POD_prometheus-adapter-85cff7b5f8-ws4zt,NODE_minikube,0.003983107219709813,0.2605251736111111
1742450305363,MS_kube-system,MS_kube-system_POD_metrics-server-5d4f46f645-b75pd,NODE_minikube,0.002714200528154027,0.0
1742450305363,MS_monitoring,MS_monitoring_POD_kube-state-metrics-6788d64b49-p4bj9,NODE_minikube,0.0012840290818046183,0.3369910037878788
1742450305363,MS_monitoring,MS_monitoring_POD_alertmanager-main-1,NODE_minikube,0.003411667537046712,0.28106770833333333
1742450305363,MS_monitoring,MS_monitoring_POD_alertmanager-main-2,NODE_minikube,0.0037921384311677404,0.4366145833333333
1742450305363,MS_default,MS_default_POD_payment-service-5d9488d4c8-t9948,NODE_minikube,0.002609643810857192,0.149139404296875
1742450305363,MS_monitoring,MS_monitoring_POD_alertmanager-main-0,NODE_minikube,0.0035938769690033513,0.29072916666666665
1742450305363,MS_kube-system,MS_kube-system_POD_etcd-minikube,NODE_minikube,0.013413300888528431,0.0
1742450305363,MS_kube-system,MS_kube-system_POD_kube-scheduler-minikube,NODE_minikube,0.0023608114164231364,0.0
1742450305363,MS_monitoring,MS_monitoring_POD_prometheus-adapter-85cff7b5f8-9f7fp,NODE_minikube,0.004484653533187447,0.5051649305555556
1742450305363,MS_kube-system,MS_kube-system_POD_kube-apiserver-minikube,NODE_minikube,0.05808100090001037,0.0
1742450305363,MS_default,MS_default_POD_user-service-66f64c5d59-fdqh2,NODE_minikube,0.0027608158609169794,0.1523590087890625
1742450305363,MS_monitoring,MS_monitoring_POD_grafana-7c8dfd4b7f-8sk5f,NODE_minikube,0.021225624729163728,0.84408203125
1742450305363,MS_default,MS_default_POD_product-service-5f87bcbf49-svglh,NODE_minikube,0.003001822242469326,0.05205535888671875
1742450305363,MS_kube-system,MS_kube-system_POD_coredns-64897985d-tr2t9,NODE_minikube,0.002678237165598153,0.21178768382352942
1742450305363,MS_default,MS_default_POD_order-service-7f456f7d65-wlkdx,NODE_minikube,0.002882602399285927,0.19134521484375
1742450305363,MS_monitoring,MS_monitoring_POD_container-observer-5ddd94f78f-h42cq,NODE_minikube,0.0003651410941603062,0.0
1742450315405,MS_kube-system,MS_kube-system_POD_storage-provisioner,NODE_minikube,0.0014175089537368849,0.0
1742450315405,MS_kube-system,MS_kube-system_POD_kube-proxy-mlgr2,NODE_minikube,0.00044682758084289625,0.0
1742450315405,MS_monitoring,MS_monitoring_POD_prometheus-k8s-1,NODE_minikube,0.01564773573235451,7.833828125
1742450315405,MS_monitoring,MS_monitoring_POD_blackbox-exporter-6977dfb8df-5ndz6,NODE_minikube,0.00035806428912699286,0.5292317708333333
1742450315405,MS_monitoring,MS_monitoring_POD_prometheus-operator-66944d6fd-f2nl9,NODE_minikube,0.000687917362656884,0.4395670572916667
1742450315405,MS_monitoring,MS_monitoring_POD_prometheus-k8s-0,NODE_minikube,0.018812184489571962,8.101328125
1742450315405,MS_kube-system,MS_kube-system_POD_kube-controller-manager-minikube,NODE_minikube,0.014685039574220423,0.0
1742450315405,MS_monitoring,MS_monitoring_POD_node-exporter-chll4,NODE_minikube,0.003092270712113751,0.22114701704545456
1742450315405,MS_monitoring,MS_monitoring_POD_prometheus-adapter-85cff7b5f8-ws4zt,NODE_minikube,0.0038848958699847576,0.2544487847222222
1742450315405,MS_kube-system,MS_kube-system_POD_metrics-server-5d4f46f645-b75pd,NODE_minikube,0.0026759395405167945,0.0
1742450315405,MS_monitoring,MS_monitoring_POD_kube-state-metrics-6788d64b49-p4bj9,NODE_minikube,0.001311090041074216,0.3370028409090909
1742450315405,MS_monitoring,MS_monitoring_POD_alertmanager-main-1,NODE_minikube,0.003630994929610853,0.27276041666666667
1742450315405,MS_monitoring,MS_monitoring_POD_alertmanager-main-2,NODE_minikube,0.0037078952144267113,0.436640625
1742450315405,MS_default,MS_default_POD_payment-service-5d9488d4c8-t9948,NODE_minikube,0.0028087178100659276,0.149139404296875
1742450315405,MS_monitoring,MS_monitoring_POD_alertmanager-main-0,NODE_minikube,0.0035788058474290653,0.29239583333333335
1742450315405,MS_kube-system,MS_kube-system_POD_etcd-minikube,NODE_minikube,0.01305036314949324,0.0
1742450315405,MS_kube-system,MS_kube-system_POD_kube-scheduler-minikube,NODE_minikube,0.0021503301864081287,0.0
1742450315405,MS_monitoring,MS_monitoring_POD_prometheus-adapter-85cff7b5f8-9f7fp,NODE_minikube,0.004320923410827404,0.5086805555555556
1742450315405,MS_kube-system,MS_kube-system_POD_kube-apiserver-minikube,NODE_minikube,0.06169120996744516,0.0
1742450315405,MS_default,MS_default_POD_user-service-66f64c5d59-fdqh2,NODE_minikube,0.0027618176363616203,0.1523590087890625
1742450315405,MS_monitoring,MS_monitoring_POD_grafana-7c8dfd4b7f-8sk5f,NODE_minikube,0.021184885869947875,0.84763671875
1742450315405,MS_default,MS_default_POD_product-service-5f87bcbf49-svglh,NODE_minikube,0.0029428775662132503,0.05205535888671875
1742450315405,MS_kube-system,MS_kube-system_POD_coredns-64897985d-tr2t9,NODE_minikube,0.0026784136237541565,0.21270680147058824
1742450315405,MS_default,MS_default_POD_order-service-7f456f7d65-wlkdx,NODE_minikube,0.0028127326397505035,0.19134521484375
1742450315405,MS_monitoring,MS_monitoring_POD_container-observer-5ddd94f78f-h42cq,NODE_minikube,0.0003734124941203479,0.0
1742450325429,MS_kube-system,MS_kube-system_POD_storage-provisioner,NODE_minikube,0.0014175089537368849,0.0
1742450325429,MS_kube-system,MS_kube-system_POD_kube-proxy-mlgr2,NODE_minikube,0.00044682758084289625,0.0
1742450325429,MS_monitoring,MS_monitoring_POD_prometheus-k8s-1,NODE_minikube,0.01564773573235451,7.833828125
1742450325429,MS_monitoring,MS_monitoring_POD_blackbox-exporter-6977dfb8df-5ndz6,NODE_minikube,0.00035806428912699286,0.5292317708333333
1742450325429,MS_monitoring,MS_monitoring_POD_prometheus-operator-66944d6fd-f2nl9,NODE_minikube,0.000687917362656884,0.4395670572916667
1742450325429,MS_monitoring,MS_monitoring_POD_prometheus-k8s-0,NODE_minikube,0.018812184489571962,8.101328125
1742450325429,MS_kube-system,MS_kube-system_POD_kube-controller-manager-minikube,NODE_minikube,0.014685039574220423,0.0
1742450325429,MS_monitoring,MS_monitoring_POD_node-exporter-chll4,NODE_minikube,0.003092270712113751,0.22114701704545456
1742450325429,MS_monitoring,MS_monitoring_POD_prometheus-adapter-85cff7b5f8-ws4zt,NODE_minikube,0.0038848958699847576,0.2544487847222222
1742450325429,MS_kube-system,MS_kube-system_POD_metrics-server-5d4f46f645-b75pd,NODE_minikube,0.0026759395405167945,0.0
1742450325429,MS_monitoring,MS_monitoring_POD_kube-state-metrics-6788d64b49-p4bj9,NODE_minikube,0.001311090041074216,0.3370028409090909
1742450325429,MS_monitoring,MS_monitoring_POD_alertmanager-main-1,NODE_minikube,0.003630994929610853,0.27276041666666667
1742450325429,MS_monitoring,MS_monitoring_POD_alertmanager-main-2,NODE_minikube,0.0037078952144267113,0.436640625
1742450325429,MS_default,MS_default_POD_payment-service-5d9488d4c8-t9948,NODE_minikube,0.0028087178100659276,0.149139404296875
1742450325429,MS_monitoring,MS_monitoring_POD_alertmanager-main-0,NODE_minikube,0.0035788058474290653,0.29239583333333335
1742450325429,MS_kube-system,MS_kube-system_POD_etcd-minikube,NODE_minikube,0.01305036314949324,0.0
1742450325429,MS_kube-system,MS_kube-system_POD_kube-scheduler-minikube,NODE_minikube,0.0021503301864081287,0.0
1742450325429,MS_monitoring,MS_monitoring_POD_prometheus-adapter-85cff7b5f8-9f7fp,NODE_minikube,0.004320923410827404,0.5086805555555556
1742450325429,MS_kube-system,MS_kube-system_POD_kube-apiserver-minikube,NODE_minikube,0.06169120996744516,0.0
1742450325429,MS_default,MS_default_POD_user-service-66f64c5d59-fdqh2,NODE_minikube,0.0027618176363616203,0.1523590087890625
1742450325429,MS_monitoring,MS_monitoring_POD_grafana-7c8dfd4b7f-8sk5f,NODE_minikube,0.021184885869947875,0.84763671875
1742450325429,MS_default,MS_default_POD_product-service-5f87bcbf49-svglh,NODE_minikube,0.0029428775662132503,0.05205535888671875
1742450325429,MS_kube-system,MS_kube-system_POD_coredns-64897985d-tr2t9,NODE_minikube,0.0026784136237541565,0.21270680147058824
1742450325429,MS_default,MS_default_POD_order-service-7f456f7d65-wlkdx,NODE_minikube,0.0028127326397505035,0.19134521484375
1742450325429,MS_monitoring,MS_monitoring_POD_container-observer-5ddd94f78f-h42cq,NODE_minikube,0.0003734124941203479,0.0
1742450335460,MS_kube-system,MS_kube-system_POD_storage-provisioner,NODE_minikube,0.001417508953736885,0.0
1742450335460,MS_kube-system,MS_kube-system_POD_kube-proxy-mlgr2,NODE_minikube,0.0004468275808428963,0.0
1742450335460,MS_monitoring,MS_monitoring_POD_prometheus-k8s-1,NODE_minikube,0.015647735732354513,7.833828125
1742450335460,MS_monitoring,MS_monitoring_POD_blackbox-exporter-6977dfb8df-5ndz6,NODE_minikube,0.0003580642891269929,0.5292317708333333
1742450335460,MS_monitoring,MS_monitoring_POD_prometheus-operator-66944d6fd-f2nl9,NODE_minikube,0.000687917362656884,0.4395670572916667
1742450335460,MS_monitoring,MS_monitoring_POD_prometheus-k8s-0,NODE_minikube,0.018812184489571965,8.101328125
1742450335460,MS_kube-system,MS_kube-system_POD_kube-controller-manager-minikube,NODE_minikube,0.014685039574220425,0.0
1742450335460,MS_monitoring,MS_monitoring_POD_node-exporter-chll4,NODE_minikube,0.003092270712113751,0.22114701704545456
1742450335460,MS_monitoring,MS_monitoring_POD_prometheus-adapter-85cff7b5f8-ws4zt,NODE_minikube,0.003884895869984758,0.2544487847222222
1742450335460,MS_kube-system,MS_kube-system_POD_metrics-server-5d4f46f645-b75pd,NODE_minikube,0.0026759395405167945,0.0
1742450335460,MS_monitoring,MS_monitoring_POD_kube-state-metrics-6788d64b49-p4bj9,NODE_minikube,0.0013110900410742163,0.3370028409090909
1742450335460,MS_monitoring,MS_monitoring_POD_alertmanager-main-1,NODE_minikube,0.0036309949296108534,0.27276041666666667
1742450335460,MS_monitoring,MS_monitoring_POD_alertmanager-main-2,NODE_minikube,0.0037078952144267117,0.436640625
1742450335460,MS_default,MS_default_POD_payment-service-5d9488d4c8-t9948,NODE_minikube,0.0028087178100659276,0.149139404296875
1742450335460,MS_monitoring,MS_monitoring_POD_alertmanager-main-0,NODE_minikube,0.0035788058474290657,0.29239583333333335
1742450335460,MS_kube-system,MS_kube-system_POD_etcd-minikube,NODE_minikube,0.013050363149493241,0.0
1742450335460,MS_kube-system,MS_kube-system_POD_kube-scheduler-minikube,NODE_minikube,0.0021503301864081287,0.0
1742450335460,MS_monitoring,MS_monitoring_POD_prometheus-adapter-85cff7b5f8-9f7fp,NODE_minikube,0.004320923410827404,0.5086805555555556
1742450335460,MS_kube-system,MS_kube-system_POD_kube-apiserver-minikube,NODE_minikube,0.06169120996744517,0.0
1742450335460,MS_default,MS_default_POD_user-service-66f64c5d59-fdqh2,NODE_minikube,0.0027618176363616207,0.1523590087890625
1742450335460,MS_monitoring,MS_monitoring_POD_grafana-7c8dfd4b7f-8sk5f,NODE_minikube,0.021184885869947878,0.84763671875
1742450335460,MS_default,MS_default_POD_product-service-5f87bcbf49-svglh,NODE_minikube,0.0029428775662132503,0.05205535888671875
1742450335460,MS_kube-system,MS_kube-system_POD_coredns-64897985d-tr2t9,NODE_minikube,0.002678413623754157,0.21270680147058824
1742450335460,MS_default,MS_default_POD_order-service-7f456f7d65-wlkdx,NODE_minikube,0.002812732639750504,0.19134521484375
1742450335460,MS_monitoring,MS_monitoring_POD_container-observer-5ddd94f78f-h42cq,NODE_minikube,0.00037341249412034793,0.0
